# Phase 4.5 classification of remaining legacy identifiers (Flux/flux/fluxd, HiCo/hico, SynthesisCore/synthesiscore).
# path_prefix<TAB>class<TAB>reason. Longest matching prefix wins. Checked by tests/brand_inventory_test.sh.
# Classes: compatibility | technical identifier | historical documentation | migration documentation | test fixture | intentional legacy reference
.github/	compatibility	CI workflow names, artifact names, zip names, SynthesisCore sync; CI unchanged by directive (unrelated CI)
CMakeLists.txt	technical identifier	host build target names flux_* (ABI/build identifiers)
NOTICE.md	intentional legacy reference	legal attribution text names the distributed work as Flux Tweaks; not rebranded without legal review
README.md	migration documentation	public README: Zairenkai identity section maps legacy names; remaining body text documents compatibility identifiers
art/	intentional legacy reference	tracked brand assets of the legacy identity; preserved (no asset replaced)
changelog.md	historical documentation	release history of past versions under the legacy name
docs/architecture/BRAND_MIGRATION.md	migration documentation	this migration
docs/architecture/brand_identifiers.tsv	migration documentation	this registry
docs/	historical documentation	architecture history; technical identifiers (fluxd, paths, namespaces) referenced exactly
jni/README.md	migration documentation	daemon README: Zairenkai title, legacy runtime names documented
jni/brand/	compatibility	frozen compatibility identifier constants and config lookup
jni/diagram.svg	intentional legacy reference	tracked diagram asset; preserved
jni/	technical identifier	C++ namespaces (flux::), modules (Flux*), binary fluxd, paths, log tag FluxTweaks; ABI/build identifiers
module/	compatibility	module ID flux, /data/adb/modules/flux, /data/adb/.config/flux, fluxd/flux_profiler/flux_utility, HiCo paths, SynthesisCore package
prebuilt/	compatibility	SynthesisCore APK, certificate pin and manifest (package com.febricahyaa.synthesiscore)
scripts/	compatibility	flux_profiler.sh / flux_utility.sh binaries, config and HiCo paths consumed by the runtime
tests/	test fixture	tests reference technical identifiers exactly
update	compatibility	update channel files (update.json, update-arm*.json, update/changelog.md); URLs and IDs frozen
website/	intentional legacy reference	public website content; page title rebranded, body copy deferred to a release/website decision (see BRAND_MIGRATION.md)
webui/index.html	compatibility	page title rebranded; script/module references are technical
webui/	technical identifier	WebUI code: config paths, fluxd commands, store/view file names, assets
